AgentID,MobileNo,Name,Gender,Age,Nationality,OfficeID
AGT248,+1-436-855-9638x54364,Linda Acevedo,F,43,Luxembourg,OFF60
AGT808,+1-831-454-9864x206,Courtney Cervantes,F,50,Malawi,OFF53
AGT742,+1-213-672-9646,Daniel Jones,F,26,Argentina,OFF19
AGT792,001-655-881-2313x193,Rebecca Simpson,M,51,Zimbabwe,OFF93
AGT186,001-829-894-6289x2638,Gregory Gray,M,57,Saint Helena,OFF90
AGT457,573.284.6714x4959,Jennifer Smith,M,26,Afghanistan,OFF75
AGT792,950-886-7534,Angel Brooks,F,51,Russian Federation,OFF25
AGT480,630-541-7202,Paul Sanders,F,62,Austria,OFF76
AGT781,001-360-591-9216x22156,Mitchell Ross,F,54,Samoa,OFF97
AGT521,+1-318-443-6785,Jennifer Holt,F,46,Antigua and Barbuda,OFF23
AGT198,341-878-6275x736,Frederick Carter,F,53,Malawi,OFF60
AGT418,715-677-6429x319,Jeffrey Tran,F,37,Guadeloupe,OFF70
AGT351,484.688.0125x1131,Nicholas Mathews,M,30,Malaysia,OFF72
AGT911,4045083214,Catherine Kim,M,53,Greenland,OFF60
AGT626,001-243-962-8763x95090,Colton Ryan,M,46,Gabon,OFF81
AGT550,001-204-985-3390x74531,Gregory Schroeder,F,57,Tuvalu,OFF47
AGT386,705-784-9570x425,Andre Peterson,F,30,Botswana,OFF95
AGT624,001-361-854-3655x86259,Nicole Munoz,F,31,Oman,OFF72
AGT537,977-459-2874x9864,Parker Leonard,F,52,Central African Republic,OFF40
AGT502,001-819-358-4027x9350,Michael Lyons,M,47,Ethiopia,OFF20
AGT185,910.930.8709x484,Casey Meadows,F,41,Guadeloupe,OFF46
AGT962,(574)804-7172,Jim Bartlett,M,27,Norway,OFF79
AGT888,(452)728-8107x355,Austin Lopez,F,34,Russian Federation,OFF52
AGT592,885.374.5471,Erica Payne,F,60,Lithuania,OFF71
AGT388,+1-209-809-9407x9859,Meghan Jackson,F,49,Slovakia (Slovak Republic),OFF68
AGT388,(504)706-5371,Jennifer Kim,M,26,Morocco,OFF75
AGT852,001-366-637-0769x694,Jennifer Hernandez,F,30,Vietnam,OFF67
AGT728,(388)833-6205,Angela Dunlap,M,59,Indonesia,OFF86
AGT741,8329757149,Jerry Dunlap,F,59,Moldova,OFF87
AGT134,491-289-1127,Valerie Allison,F,53,Korea,OFF77
AGT178,(960)943-5256,Gregg Gordon,F,29,Barbados,OFF10
AGT928,(794)598-1737x281,Tanner Perez,M,51,British Indian Ocean Territory (Chagos Archipelago),OFF87
AGT722,001-828-803-7349,Kyle Delgado,F,64,Turkey,OFF96
AGT995,729.302.0986x4350,Joseph Lopez,F,28,Palestinian Territory,OFF41
AGT711,001-619-776-9105x1826,Larry Lambert,F,50,Mozambique,OFF27
AGT708,001-697-353-2410x57957,Jeffrey Dean,F,56,United States of America,OFF58
AGT782,+1-351-301-9893x5955,Karen Mccarthy,F,52,Greece,OFF11
AGT893,(362)932-3938x79110,Holly Valdez,M,65,Palau,OFF47
AGT905,(346)315-9659x697,Eric Spence,M,37,Cayman Islands,OFF75
AGT883,(532)359-1543x3212,Nicole Flores,M,43,Fiji,OFF24
AGT686,577.772.6844x209,Daniel Rodgers,M,34,Micronesia,OFF12
AGT300,+1-268-641-9855x4450,Melanie Hanson,F,64,Guinea-Bissau,OFF41
AGT402,+1-746-792-7185,Douglas Long,M,62,British Virgin Islands,OFF97
AGT281,+1-533-904-5360,Ebony Weaver,M,58,Tanzania,OFF38
AGT148,746.246.2634x2875,Clifford Mcclain,F,62,Germany,OFF74
AGT717,726.585.2253x12226,Nicole Garza,F,47,Samoa,OFF95
AGT892,(883)626-1352x51359,Erica Andrews,M,51,Ethiopia,OFF86
AGT407,487-934-0408,George Porter,F,63,Eritrea,OFF37
AGT212,451-239-0345x4176,Paul Moran,F,43,Sao Tome and Principe,OFF83
AGT340,(952)670-4560,Cathy Jordan,M,48,Mauritania,OFF46
AGT501,997-486-2493x69852,Katelyn Washington,F,35,San Marino,OFF59
AGT390,498.948.8729x495,Edward Edwards,M,42,Mali,OFF59
AGT514,+1-264-498-7897x1046,Deborah Arnold,M,64,Zimbabwe,OFF18
AGT870,557.675.1600,Jacob Jenkins,F,61,Slovenia,OFF33
AGT633,(757)497-2498x326,Sean Castro,M,63,Slovenia,OFF27
AGT692,814-253-1011,Tracy Ford,M,46,Egypt,OFF27
AGT658,825-716-5857x653,Lisa Li,F,65,Bangladesh,OFF71
AGT746,+1-723-334-9383x0284,Sharon Bird,M,31,Tokelau,OFF59
AGT217,(604)509-8268,Angela Barnes,F,56,Mozambique,OFF87
AGT476,+1-765-856-2889x205,Kayla Duncan,F,43,Egypt,OFF26
AGT279,455-953-2788,Janice Cruz,F,26,Norfolk Island,OFF71
AGT635,+1-255-316-1608x5630,Edward Roberts,F,43,Panama,OFF64
AGT285,(800)345-9591x8289,Amanda Kelley,F,50,Kenya,OFF85
AGT152,4914129146,Joseph James,M,41,French Polynesia,OFF80
AGT516,001-938-622-1448x46134,Hannah Abbott,F,46,Jordan,OFF82
AGT507,(432)457-4829x69057,Sabrina White,F,55,Guatemala,OFF45
AGT829,(707)949-2203x7614,Johnny Johnson,M,36,Denmark,OFF86
AGT184,+1-541-269-4602,Amy Ellis,F,31,Reunion,OFF90
AGT461,826.686.6642x22152,David Bryant,F,46,Chile,OFF90
AGT941,(782)851-5791x096,Donna Brown,M,27,Fiji,OFF21
AGT808,788.262.2951x80844,Albert Turner,F,43,Mali,OFF56
AGT548,001-600-698-8441x15029,Bobby Kirk,F,32,Kuwait,OFF41
AGT122,984-741-7897,Chad Torres,F,40,Togo,OFF80
AGT287,+1-931-733-7325x47668,Brenda Thomas,M,30,United States Virgin Islands,OFF83
AGT752,460-389-8645x5509,Michael Smith,M,43,Anguilla,OFF64
AGT543,(787)705-3674x81295,Jessica Thornton,F,39,French Southern Territories,OFF66
AGT455,001-204-503-2227x2858,Eric Estrada,F,37,Malaysia,OFF20
AGT961,920.803.1750x85612,Stacy Nichols,F,33,Myanmar,OFF41
AGT628,281.683.2483x8424,Annette Roy,F,59,Mali,OFF31
AGT238,349.846.5295,Matthew Johnston,F,37,Norway,OFF63
AGT539,559.779.5311x9974,Tina Baker,M,30,Svalbard & Jan Mayen Islands,OFF39
AGT551,(829)753-0247,Tina Hudson,F,31,Canada,OFF84
AGT751,690-944-8229,Rebecca Massey,M,59,El Salvador,OFF66
AGT879,001-911-299-3812x7520,Elijah Hicks,M,45,Austria,OFF69
AGT267,974-679-4063x76822,Shawn Smith,F,49,Isle of Man,OFF52
AGT911,001-783-624-0139,John Kelly,F,30,Ukraine,OFF42
AGT679,+1-949-324-0558x1544,Shawn Lowery,M,47,Libyan Arab Jamahiriya,OFF61
AGT682,819-414-6378x5809,Kelly Martin,F,26,San Marino,OFF47
AGT679,610-923-0381x2800,Dennis Roy,F,38,Korea,OFF82
AGT137,(821)520-2996x787,Felicia Munoz,F,44,Jordan,OFF82
AGT635,(638)273-9106,Heather Chang,M,58,Guyana,OFF35
AGT637,511-948-6081x3556,Gina Peterson,F,56,Mexico,OFF37
AGT918,8158281898,Michael Poole DVM,F,42,French Polynesia,OFF92
AGT530,(759)461-2100,Michael Hawkins,M,44,Vietnam,OFF83
AGT122,739.606.9239x84700,Sabrina Smith,M,40,Montenegro,OFF12
AGT875,(516)844-1219,Michael Matthews,M,35,Tonga,OFF28
AGT815,+1-252-219-0961x677,Ashley Norris,F,59,Liberia,OFF82
AGT704,+1-423-428-5171x72857,Anthony Macdonald,F,44,Vanuatu,OFF88
AGT759,876-263-2454,Elizabeth Beck,F,32,Turkmenistan,OFF36
AGT550,789.336.3819x9810,David Bailey,F,28,Bhutan,OFF56
AGT235,001-664-324-3442,Abigail Chan,M,38,Hong Kong,OFF78
AGT360,4812274552,Colin Jones,F,27,Gibraltar,OFF11
AGT322,001-719-276-3039x3252,Holly King,F,41,Chad,OFF95
AGT426,(970)980-0425,Laura Oneill,M,31,North Macedonia,OFF75
AGT376,(582)417-0166,Lori Alvarez,M,25,Bulgaria,OFF83
AGT326,627-645-2349,Elizabeth Jordan,M,33,Costa Rica,OFF92
AGT802,(761)430-3544x976,Andre Golden Jr.,M,60,Nicaragua,OFF76
AGT942,609.999.8894x2231,Keith Ruiz,M,64,Palau,OFF74
AGT704,001-597-498-8903x29220,Sara Villegas,M,53,Algeria,OFF14
AGT623,776-988-8577x760,Gregory Frederick,F,57,Botswana,OFF18
AGT806,5917971214,Teresa Reed,M,65,Western Sahara,OFF86
AGT884,001-675-638-7747x11646,Amanda Riggs,M,57,Panama,OFF76
AGT390,287-385-9449,Rebecca Trujillo,M,58,Pakistan,OFF91
AGT533,522.315.2108,Michelle Rodriguez,F,63,Slovakia (Slovak Republic),OFF36
AGT410,001-550-726-8682x869,Michelle Baker,M,52,Papua New Guinea,OFF58
AGT951,001-536-753-1881x589,Jason Krause,F,48,Malta,OFF78
AGT824,493-621-1210x8672,Anna Smith,F,45,Ecuador,OFF25
AGT769,(258)630-5609x20699,Janice Wright,F,58,Egypt,OFF64
AGT453,731.872.4323x78088,Kyle Brown,F,64,Solomon Islands,OFF94
AGT129,(576)562-7095x877,Mary Williams,M,31,Sierra Leone,OFF99
AGT871,+1-261-926-5688,Audrey Reed,M,50,Tokelau,OFF21
AGT677,599.202.6225x5169,David Avery,M,62,China,OFF16
AGT712,(834)769-3903,Kathleen Wells,F,39,Chile,OFF69
AGT301,668-289-2554x22158,Alfred Elliott,M,55,Greenland,OFF49
AGT969,(745)885-7482x0455,Jeffrey Clark,F,30,Ghana,OFF60
AGT731,742-724-1627,Bryan Taylor,M,30,Gabon,OFF61
AGT499,995-443-8842x3056,Michael Frederick,F,60,Guinea-Bissau,OFF99
AGT941,(466)486-7909x081,Sandra Brown DVM,F,61,Ukraine,OFF32
AGT158,+1-207-630-3792x0874,Billy Carter,M,64,Ukraine,OFF68
AGT372,629-663-0990,Jose Russell,F,26,El Salvador,OFF55
AGT730,(903)330-4356x700,Joshua Silva,M,38,Algeria,OFF12
AGT470,001-969-881-6187x7357,Carrie Smith,M,29,Kiribati,OFF64
AGT776,392-896-6416,Linda Morgan,M,59,Germany,OFF22
AGT938,+1-817-457-1570x359,Douglas Aguirre,M,50,Equatorial Guinea,OFF18
AGT492,277.531.3083,Patricia Jones,M,64,Oman,OFF22
AGT293,(777)926-3176x031,Timothy Taylor,M,56,Serbia,OFF15
AGT135,+1-371-266-0213x844,Sydney Murphy,M,63,Algeria,OFF10
AGT181,817.368.2455,Veronica Morris,F,27,Poland,OFF96
AGT939,001-804-442-2154x02705,Thomas Coleman,F,49,Spain,OFF17
AGT416,591.794.2443x0403,Terry Jones,F,46,Lesotho,OFF29
AGT503,783.566.9114x1977,Sheila Baker,M,28,Australia,OFF57
AGT750,289-416-4611,Laura Jones,F,65,Bermuda,OFF56
AGT188,001-303-361-0528x981,Sharon Ellis,M,57,Mayotte,OFF81
AGT574,(450)581-1948,Adam Smith,M,29,Holy See (Vatican City State),OFF78
AGT613,001-746-682-3835x6984,James Young,F,26,Yemen,OFF10
AGT931,234-675-0511x2220,Donna Jones,M,33,Faroe Islands,OFF95
AGT218,4982310462,Kevin Bolton,M,49,Spain,OFF22
AGT821,+1-685-556-0815x927,John Walsh,F,58,Egypt,OFF26
AGT254,(691)987-5676x524,Catherine Bolton,F,47,Niger,OFF61
AGT919,543-249-7955x1342,Victoria Black,M,57,Philippines,OFF19
AGT660,+1-562-963-4042,Jessica Harrison,F,49,Vanuatu,OFF20
AGT421,(818)872-0778,Elizabeth Carpenter,F,31,Saint Pierre and Miquelon,OFF91
AGT141,678-500-0201x076,Victoria Campos,F,50,Cocos (Keeling) Islands,OFF62
AGT641,(469)764-2181x39158,John Holmes,F,27,Chad,OFF30
AGT830,724.410.4317x40423,Deborah Keller,M,46,Hungary,OFF46
AGT969,001-847-698-0927x833,Susan Christian,M,64,Brazil,OFF84
AGT661,610-480-0318x8250,Danielle Phillips,M,43,Moldova,OFF68
AGT275,299-879-2422,Melissa Spence,M,44,Cayman Islands,OFF84
AGT186,5234291104,Barbara Henry,M,39,Micronesia,OFF93
AGT343,001-418-595-2941x57302,Kristin Howard,M,62,Netherlands,OFF75
AGT663,001-404-396-8030,Sandra Hill,M,48,Tonga,OFF44
AGT979,(515)769-6491,Daniel Johnson,M,49,Solomon Islands,OFF44
AGT928,978.732.1959x581,Lisa Gallagher,F,49,Canada,OFF71
AGT641,+1-200-423-8128,David Robinson,M,37,Tunisia,OFF21
AGT722,883.614.2132x3134,Susan Walker,F,61,Antarctica (the territory South of 60 deg S),OFF32
AGT198,001-210-548-9415x89768,Mr. Jeremy Pacheco,M,48,Sweden,OFF39
AGT781,6259630976,Chris Williams,M,52,Mauritania,OFF14
AGT746,001-774-638-7806x2899,Barbara Moss,M,39,Costa Rica,OFF96
AGT374,001-443-597-5624,Gerald Jennings,M,58,Cook Islands,OFF81
AGT217,(269)240-3566x6852,John Brewer,M,46,Isle of Man,OFF95
AGT475,+1-385-329-4401x6660,Michelle Smith,M,51,Singapore,OFF92
AGT357,(329)432-6218x230,Jose Fuller,M,62,Senegal,OFF65
AGT959,796-409-8924,Debra Harmon,F,63,Poland,OFF68
AGT220,923.870.3110x48227,Ian Smith,F,40,Jamaica,OFF16
AGT620,301.621.5927x913,Robert Guerrero,F,26,Angola,OFF89
AGT250,+1-927-841-1582x481,Bradley Brown,M,58,Peru,OFF43
AGT859,331-799-9904,Steven Wise,F,34,Nauru,OFF40
AGT436,+1-293-303-4819x46711,Patrick Martinez,F,45,Iceland,OFF85
AGT493,508-927-3899,Erik Noble,M,52,Swaziland,OFF77
AGT533,001-622-903-1649x19815,Christopher Santos,M,45,Guernsey,OFF62
AGT842,988-649-3407x7475,Amy Davis,M,60,Egypt,OFF70
AGT101,(605)877-2753x68990,Donna Brown,F,28,Jamaica,OFF14
AGT921,(250)309-7867x79488,Jason Davis,F,63,Venezuela,OFF71
AGT681,909-440-8235x0419,Troy Welch,F,62,Poland,OFF93
AGT981,672-488-9686,Jeffrey Stephens,M,43,American Samoa,OFF12
AGT812,833.703.8367,Elizabeth Black,M,48,Congo,OFF89
AGT315,605-527-4580,James Rogers,F,51,China,OFF93
AGT505,001-508-923-9051,Mark Mckee,M,51,Tuvalu,OFF80
AGT721,001-642-681-9246,Norma Noble,F,33,Rwanda,OFF68
AGT263,213-404-6700x9431,Craig Park,M,52,Palestinian Territory,OFF33
AGT247,(340)341-9220x944,Mark Sanchez,M,54,Germany,OFF42
AGT730,(493)989-0701x4134,Anthony Wood,M,55,Korea,OFF71
AGT994,583.930.1971x33025,Garrett Morgan,F,65,North Macedonia,OFF68
AGT975,308-785-9474,Megan Garcia,F,30,Jamaica,OFF85
AGT592,(245)944-0207x440,Kristen Rodriguez,M,36,Svalbard & Jan Mayen Islands,OFF26
AGT164,(534)913-5198x07181,Amy Chan,F,26,China,OFF78
AGT563,(352)265-5072x642,Robert Mcconnell,M,58,Australia,OFF75
AGT205,542.625.1000,Brandon Hudson,F,45,Lesotho,OFF22
AGT474,+1-444-470-4689x3861,Tina Medina,M,38,Iceland,OFF62
AGT122,+1-562-431-1788x0232,Lisa Johnson,M,49,Dominica,OFF68
